id,score_propension,comprador_activo,segmento,segmento_nombre,shap_top_feature,edad,genero,ingreso_anual,ocupacion,n_compras,frecuencia,tasa_compra,marca_favorita,switching_ratio,recencia,dias_entre_visitas_median,sensibilidad_promo,es_sensible_promo,es_leal_marca
200000001,0.0059496844,0,1,cazador_ofertas,dias_entre_visitas_std,47,0,110866,1,9,101,0.0891089108910891,2,0.8888888888888888,727,7.0,0.201980198019802,1,0
200000002,0.033991117,0,3,comprador_premium_ocasional,segmento,52,1,159052,2,11,87,0.1264367816091954,4,0.8181818181818182,729,7.0,0.14942528735632182,0,0
200000003,0.029543793,0,0,visitante_pasivo,frecuencia,28,0,113212,1,10,97,0.1030927835051546,2,0.5,724,7.0,0.1484536082474226,0,0
200000004,0.03689369,0,1,cazador_ofertas,frecuencia,37,0,119602,0,11,85,0.1294117647058823,5,0.8181818181818182,725,7.0,0.16941176470588235,0,0
200000005,0.040343788,0,3,comprador_premium_ocasional,segmento,49,0,121466,1,13,111,0.1171171171171171,5,0.9230769230769232,729,7.0,0.12072072072072068,0,0
200000006,0.0050457516,0,1,cazador_ofertas,frecuencia,39,0,112347,1,10,86,0.1162790697674418,5,1.0,727,7.0,0.18837209302325578,1,0
200000007,0.018689275,0,0,visitante_pasivo,frecuencia,27,0,125190,2,16,83,0.1927710843373494,2,0.875,721,7.0,0.20240963855421681,1,0
200000008,0.0044483673,0,0,visitante_pasivo,frecuencia,26,0,131122,1,15,97,0.1546391752577319,2,1.0,729,7.0,0.14020618556701026,0,0
200000009,0.048218265,0,1,cazador_ofertas,dias_entre_visitas_std,25,0,108960,0,9,102,0.088235294117647,2,1.0,723,7.0,0.18039215686274507,1,0
200000010,0.016731331,0,1,cazador_ofertas,edad,32,0,69370,0,15,98,0.1530612244897959,2,0.8666666666666667,730,7.0,0.1612244897959183,0,0
200000011,0.995895,1,3,comprador_premium_ocasional,segmento,44,0,181262,2,25,104,0.2403846153846154,5,0.72,726,7.0,0.1865384615384615,1,0
200000012,0.032176603,0,3,comprador_premium_ocasional,segmento,50,0,122830,1,13,105,0.1238095238095238,5,0.6923076923076923,727,7.0,0.17333333333333328,0,0
200000013,0.016199132,0,0,visitante_pasivo,edad,34,0,116525,0,11,103,0.1067961165048543,2,0.9090909090909092,725,7.0,0.16893203883495142,0,0
200000014,0.0015246652,0,0,visitante_pasivo,precio_prom_marca_4,40,0,76881,0,12,111,0.1081081081081081,2,0.8333333333333334,719,6.0,0.16216216216216212,0,0
200000015,0.018662523,0,1,cazador_ofertas,precio_relativo_favorita,25,1,72188,0,10,115,0.0869565217391304,2,0.8,730,7.0,0.16521739130434776,0,0
200000016,0.011518905,0,1,cazador_ofertas,precio_prom_marca_3,47,1,110287,1,6,106,0.0566037735849056,2,0.8333333333333334,727,6.0,0.16226415094339616,0,0
200000017,0.006313623,0,1,cazador_ofertas,exposicion_promo_2,29,0,102723,1,13,99,0.1313131313131313,2,0.8461538461538461,727,7.0,0.16767676767676767,0,0
200000018,0.00042909494,0,0,visitante_pasivo,exposicion_promo_1,25,0,104505,0,7,102,0.0686274509803921,2,0.7142857142857143,727,7.0,0.1901960784313725,1,0
200000019,0.00028983268,0,0,visitante_pasivo,precio_prom_marca_1,26,0,72429,0,11,167,0.0658682634730539,2,1.0,725,4.0,0.18443113772455083,1,0
200000020,0.031028092,0,1,cazador_ofertas,exposicion_promo_5,30,1,58207,0,9,101,0.0891089108910891,2,0.8888888888888888,725,7.0,0.1683168316831683,0,0
200000021,0.031357117,0,3,comprador_premium_ocasional,segmento,63,0,135754,1,7,104,0.0673076923076923,4,0.8571428571428571,724,7.0,0.16153846153846152,0,0
200000022,0.99253255,1,1,cazador_ofertas,frecuencia,32,0,121347,1,26,94,0.2765957446808511,4,0.7692307692307693,717,7.0,0.18297872340425522,1,0
200000023,0.0015488401,0,0,visitante_pasivo,exposicion_promo_2,48,0,94868,0,8,137,0.0583941605839416,2,1.0,726,5.0,0.1897810218978102,1,0
200000024,0.036624502,0,1,cazador_ofertas,frecuencia,32,1,88428,0,11,90,0.1222222222222222,2,1.0,727,7.0,0.18666666666666662,1,0
200000025,0.004522243,0,1,cazador_ofertas,exposicion_promo_5,24,0,107633,1,13,122,0.1065573770491803,4,1.0,729,6.0,0.12459016393442619,0,0
200000026,0.0010872434,0,1,cazador_ofertas,precio_prom_marca_4,37,0,170146,2,13,101,0.1287128712871287,5,0.9230769230769232,730,7.0,0.13069306930693067,0,0
200000027,0.0089628715,0,1,cazador_ofertas,edad,33,1,112422,1,9,123,0.073170731707317,2,1.0,727,6.0,0.17886178861788618,1,0
200000028,0.9723227,1,1,cazador_ofertas,precio_prom_marca_4,35,1,53608,0,21,93,0.2258064516129032,2,0.7619047619047619,722,7.0,0.15913978494623654,0,0
200000029,0.009977209,0,0,visitante_pasivo,exposicion_promo_5,50,1,119068,1,8,103,0.0776699029126213,2,1.0,720,7.0,0.15728155339805822,0,0
200000030,0.9636354,1,1,cazador_ofertas,exposicion_promo_4,24,0,81210,0,45,101,0.4455445544554455,2,0.6666666666666666,724,7.0,0.18613861386138614,1,0
200000031,0.016368043,0,1,cazador_ofertas,exposicion_promo_4,38,1,81014,0,7,108,0.0648148148148148,2,1.0,721,7.0,0.18518518518518512,1,0
200000032,0.013353056,0,1,cazador_ofertas,precio_prom_marca_2,24,1,103181,1,12,159,0.0754716981132075,1,0.5833333333333334,730,4.0,0.15597484276729556,0,0
200000033,0.9994999,1,2,comprador_leal,segmento,35,0,172957,1,52,108,0.4814814814814814,5,0.5961538461538461,730,6.0,0.17407407407407405,1,0
200000034,0.96981096,1,1,cazador_ofertas,precio_prom_marca_4,26,0,71310,0,29,126,0.2301587301587301,2,0.7241379310344828,727,5.0,0.1666666666666666,0,0
200000035,0.9732342,1,3,comprador_premium_ocasional,segmento,49,0,121592,1,30,131,0.2290076335877862,5,0.8333333333333334,730,5.0,0.1541984732824427,0,0
200000036,0.0014822516,0,0,visitante_pasivo,precio_prom_marca_5,40,1,94674,0,18,102,0.1764705882352941,2,0.8333333333333334,727,7.0,0.188235294117647,1,0
200000037,0.00103305,0,0,visitante_pasivo,dias_entre_visitas_std,43,0,133105,1,16,144,0.1111111111111111,2,0.875,727,5.0,0.19722222222222222,1,0
200000038,0.9971951,1,2,comprador_leal,segmento,51,0,124990,1,86,117,0.7350427350427351,5,0.4186046511627907,722,5.5,0.16239316239316237,0,0
200000039,0.9796848,1,0,visitante_pasivo,dias_entre_visitas_std,22,0,126400,1,30,104,0.2884615384615384,2,0.7333333333333333,724,7.0,0.18461538461538457,1,0
200000040,0.00438417,0,0,visitante_pasivo,exposicion_promo_1,37,0,106215,1,15,113,0.1327433628318584,2,0.8,727,7.0,0.1893805309734513,1,0
200000041,0.9969868,1,2,comprador_leal,segmento,36,0,106205,1,322,353,0.9121813031161472,5,0.077639751552795,726,1.0,0.1665722379603399,0,1
200000042,2.0198073e-05,0,0,visitante_pasivo,precio_prom_marca_5,24,0,85270,0,17,121,0.140495867768595,2,0.9411764705882352,729,6.0,0.14380165289256197,0,0
200000043,0.0137252305,0,1,cazador_ofertas,precio_relativo_favorita,38,1,67861,0,14,116,0.1206896551724138,1,0.9285714285714286,727,7.0,0.1896551724137931,1,0
200000044,0.01574398,0,1,cazador_ofertas,precio_prom_marca_1,41,0,69415,0,20,110,0.1818181818181818,2,1.0,727,7.0,0.19818181818181815,1,0
200000045,0.00091378234,0,0,visitante_pasivo,exposicion_promo_1,34,0,102617,0,12,109,0.110091743119266,2,0.9166666666666666,723,7.0,0.1944954128440367,1,0
200000046,0.9928576,1,3,comprador_premium_ocasional,segmento,65,0,69487,0,25,105,0.238095238095238,5,0.76,718,7.0,0.16380952380952377,0,0
200000047,0.0022837992,0,1,cazador_ofertas,exposicion_promo_5,35,0,135090,1,21,117,0.1794871794871795,2,0.9047619047619048,727,6.0,0.17777777777777773,1,0
200000048,0.0104589,0,0,visitante_pasivo,exposicion_promo_4,26,0,83442,0,16,100,0.16,2,0.8125,725,7.0,0.192,1,0
200000049,0.0016687774,0,1,cazador_ofertas,edad,32,0,146519,2,16,136,0.1176470588235294,4,0.9375,727,5.0,0.1867647058823529,1,0
200000050,0.98621583,1,1,cazador_ofertas,precio_prom_marca_5,33,1,43805,0,21,98,0.2142857142857142,2,0.9523809523809524,730,7.0,0.15102040816326529,0,0
200000051,0.00013728891,0,0,visitante_pasivo,exposicion_promo_1,27,1,103787,1,18,121,0.1487603305785124,2,0.8888888888888888,722,5.5,0.1818181818181818,1,0
200000052,0.9880804,1,2,comprador_leal,segmento,28,1,164915,1,79,110,0.7181818181818181,2,0.4050632911392405,721,7.0,0.17272727272727267,0,0
200000053,0.0027139953,0,0,visitante_pasivo,edad,25,0,43684,0,7,129,0.0542635658914728,2,1.0,727,5.0,0.18914728682170537,1,0
200000054,0.9790349,1,3,comprador_premium_ocasional,segmento,48,0,159714,1,23,104,0.2211538461538461,5,0.8260869565217391,718,7.0,0.1634615384615384,0,0
200000055,0.02161433,0,1,cazador_ofertas,precio_prom_marca_4,39,0,91019,2,7,139,0.0503597122302158,5,1.0,726,5.0,0.158273381294964,0,0
200000056,0.00049240596,0,0,visitante_pasivo,dias_entre_visitas_std,38,0,75705,0,10,124,0.0806451612903225,2,0.9,723,6.0,0.18225806451612903,1,0
200000057,0.022817953,0,3,comprador_premium_ocasional,segmento,45,0,215150,2,15,102,0.1470588235294117,4,0.9333333333333332,724,7.0,0.15686274509803916,0,0
200000058,0.005717701,0,0,visitante_pasivo,edad,33,0,116261,1,19,131,0.1450381679389313,4,0.8421052631578947,721,5.0,0.1847328244274809,1,0
200000059,0.019341635,0,1,cazador_ofertas,precio_prom_marca_1,25,1,106987,1,17,125,0.136,5,0.8823529411764706,729,6.0,0.15840000000000004,0,0
200000060,0.010863128,0,3,comprador_premium_ocasional,segmento,40,0,161999,2,19,109,0.1743119266055046,5,0.4736842105263157,723,7.0,0.19082568807339445,1,0
200000061,0.9963471,1,1,cazador_ofertas,frecuencia,34,0,113572,1,16,76,0.2105263157894736,3,0.75,721,7.0,0.18421052631578944,1,0
200000062,0.9998989,1,2,comprador_leal,segmento,39,0,108315,1,68,156,0.4358974358974359,5,0.5882352941176471,726,4.0,0.1807692307692307,1,0
200000063,0.99018246,1,3,comprador_premium_ocasional,segmento,52,1,123194,1,26,109,0.2385321100917431,5,0.4615384615384615,726,7.0,0.16697247706422016,0,0
200000064,0.9965019,1,2,comprador_leal,segmento,46,1,81200,0,76,175,0.4342857142857143,5,0.4868421052631579,724,3.0,0.17257142857142851,0,0
200000065,0.004115077,0,0,visitante_pasivo,exposicion_promo_2,21,1,120682,1,10,111,0.09009009009009,2,1.0,725,7.0,0.17657657657657652,1,0
200000066,0.031743225,0,3,comprador_premium_ocasional,segmento,55,0,157940,1,28,145,0.193103448275862,5,0.4642857142857143,725,5.0,0.15586206896551721,0,0
200000067,0.004166302,0,1,cazador_ofertas,precio_prom_marca_1,27,0,64105,0,11,108,0.1018518518518518,2,1.0,727,7.0,0.19999999999999993,1,0
200000068,0.017007353,0,1,cazador_ofertas,frecuencia,22,0,62263,0,15,94,0.1595744680851064,2,0.7333333333333333,728,7.0,0.16808510638297872,0,0
200000069,0.9731003,1,3,comprador_premium_ocasional,frecuencia,49,0,109053,1,29,79,0.3670886075949367,2,0.7586206896551724,730,7.5,0.1493670886075949,0,0
200000070,0.9812184,1,1,cazador_ofertas,dias_entre_visitas_std,46,1,78754,0,23,102,0.2254901960784313,2,0.8260869565217391,721,7.0,0.18235294117647055,1,0
200000071,0.98367876,1,3,comprador_premium_ocasional,frecuencia,30,0,168763,2,35,94,0.3723404255319149,5,0.6,730,7.0,0.15744680851063825,0,0
200000072,0.004748446,0,1,cazador_ofertas,precio_prom_marca_1,23,0,101210,1,20,101,0.198019801980198,5,0.8,726,7.0,0.18811881188118812,1,0
200000073,0.021583594,0,3,comprador_premium_ocasional,segmento,40,0,151914,2,21,129,0.1627906976744186,5,0.8571428571428571,729,6.0,0.13488372093023251,0,0
200000074,0.0047902064,0,0,visitante_pasivo,exposicion_promo_5,26,1,106559,0,22,111,0.1981981981981982,2,0.9545454545454546,727,7.0,0.17657657657657652,1,0
200000075,0.059682872,0,1,cazador_ofertas,precio_prom_marca_1,37,0,111821,1,17,98,0.173469387755102,5,0.8823529411764706,725,7.0,0.20204081632653054,1,0
200000076,0.038993035,0,3,comprador_premium_ocasional,segmento,49,1,118396,0,11,90,0.1222222222222222,2,0.9090909090909092,720,7.0,0.15999999999999998,0,0
200000077,0.027516596,0,0,visitante_pasivo,exposicion_promo_1,34,1,87801,0,11,110,0.1,1,1.0,728,7.0,0.15818181818181812,0,0
200000078,0.03565109,0,3,comprador_premium_ocasional,segmento,57,0,281084,2,8,123,0.065040650406504,4,1.0,725,7.0,0.18048780487804877,1,0
200000079,0.0047950535,0,1,cazador_ofertas,exposicion_promo_2,36,0,129789,1,19,101,0.1881188118811881,5,0.7894736842105263,719,7.0,0.17623762376237623,1,0
200000080,0.96390224,1,3,comprador_premium_ocasional,segmento,45,0,135332,1,42,97,0.4329896907216495,5,0.5714285714285714,703,7.0,0.20824742268041235,1,0
200000081,0.029982276,0,3,comprador_premium_ocasional,segmento,42,1,158405,1,13,118,0.1101694915254237,4,1.0,725,7.0,0.1864406779661017,1,0
200000082,0.0028912274,0,0,visitante_pasivo,exposicion_promo_3,48,0,124156,1,8,113,0.0707964601769911,5,1.0,723,7.0,0.18407079646017693,1,0
200000083,0.0017173681,0,1,cazador_ofertas,exposicion_promo_2,37,0,141632,2,12,100,0.12,1,1.0,725,7.0,0.164,0,0
200000084,0.011975821,0,0,visitante_pasivo,precio_prom_marca_5,43,0,82082,0,18,105,0.1714285714285714,2,0.8888888888888888,730,7.0,0.14666666666666664,0,0
200000085,0.00586711,0,0,visitante_pasivo,exposicion_promo_1,26,0,153586,2,22,159,0.1383647798742138,5,0.9090909090909092,719,4.0,0.17232704402515725,0,0
200000086,0.011758905,0,1,cazador_ofertas,precio_prom_marca_1,28,0,69588,0,9,107,0.0841121495327102,2,1.0,724,7.0,0.1831775700934579,1,0
200000087,0.015209405,0,1,cazador_ofertas,precio_relativo_favorita,32,1,68347,0,16,106,0.1509433962264151,2,0.875,728,7.0,0.13584905660377355,0,0
200000088,0.98939836,1,3,comprador_premium_ocasional,segmento,66,0,157299,2,42,113,0.3716814159292035,4,0.6428571428571429,724,7.0,0.17699115044247785,1,0
200000089,0.9888108,1,1,cazador_ofertas,precio_relativo_favorita,31,1,123257,1,36,101,0.3564356435643564,2,0.7222222222222222,727,7.0,0.18217821782178217,1,0
200000090,0.99693775,1,3,comprador_premium_ocasional,segmento,54,0,124725,1,27,111,0.2432432432432432,2,0.7777777777777778,725,7.0,0.18018018018018014,1,0
200000091,0.99713874,1,2,comprador_leal,segmento,44,0,147967,1,125,172,0.7267441860465116,5,0.256,729,4.0,0.16162790697674417,0,1
200000092,0.01783998,0,1,cazador_ofertas,precio_prom_marca_5,34,1,109195,1,16,122,0.1311475409836065,2,0.875,729,5.0,0.15409836065573765,0,0
200000093,0.021789555,0,1,cazador_ofertas,precio_prom_marca_4,41,0,71603,0,22,118,0.1864406779661017,2,0.8636363636363636,726,6.0,0.1847457627118644,1,0
200000094,0.97590625,1,1,cazador_ofertas,exposicion_promo_5,26,1,105726,1,30,99,0.303030303030303,3,0.8,723,7.0,0.16565656565656567,0,0
200000095,0.026104543,0,1,cazador_ofertas,exposicion_promo_5,29,1,109380,1,23,125,0.184,3,0.9565217391304348,729,5.0,0.14880000000000002,0,0
200000096,0.9793658,1,3,comprador_premium_ocasional,frecuencia,63,0,122267,1,19,76,0.25,4,0.7368421052631579,728,9.0,0.14473684210526314,0,0
200000097,0.99235606,1,1,cazador_ofertas,dias_entre_visitas_std,43,0,135275,0,39,182,0.2142857142857142,3,0.8717948717948718,729,3.0,0.16153846153846146,0,0
200000098,0.009183184,0,1,cazador_ofertas,exposicion_promo_4,27,1,82357,0,20,121,0.1652892561983471,1,0.85,730,6.0,0.16528925619834708,0,0
200000099,0.017244168,0,1,cazador_ofertas,precio_prom_marca_5,43,1,79353,0,18,147,0.1224489795918367,1,1.0,719,4.0,0.16326530612244897,0,0
200000100,0.04889604,0,1,cazador_ofertas,edad,31,0,121852,0,20,114,0.175438596491228,2,0.8,727,6.0,0.1701754385964912,0,0
200000101,0.9935035,1,3,comprador_premium_ocasional,segmento,34,0,205383,2,31,121,0.256198347107438,5,0.8709677419354839,727,6.0,0.17851239669421484,1,0
200000102,0.99927384,1,3,comprador_premium_ocasional,segmento,50,0,123641,1,48,114,0.4210526315789473,5,0.625,724,7.0,0.18421052631578946,1,0
200000103,0.00904092,0,1,cazador_ofertas,precio_prom_marca_2,37,0,88849,0,10,121,0.0826446280991735,2,1.0,726,6.0,0.19504132231404955,1,0
200000104,0.0064898217,0,3,comprador_premium_ocasional,segmento,55,0,145781,1,16,99,0.1616161616161616,4,0.8125,727,7.0,0.1939393939393939,1,0
200000105,0.006425335,0,1,cazador_ofertas,precio_relativo_favorita,24,0,63442,0,20,133,0.150375939849624,2,0.95,730,5.0,0.16541353383458643,0,0
200000106,0.96282166,1,0,visitante_pasivo,dias_entre_visitas_std,19,1,91232,0,36,106,0.3396226415094339,2,0.6388888888888888,725,7.0,0.19811320754716977,1,0
200000107,0.99187005,1,3,comprador_premium_ocasional,segmento,58,1,100210,0,24,116,0.2068965517241379,4,1.0,726,7.0,0.19137931034482752,1,0
200000108,0.99577326,1,2,comprador_leal,segmento,58,1,126710,1,68,131,0.5190839694656488,4,0.6176470588235294,727,6.0,0.1847328244274809,1,0
200000109,0.9842892,1,3,comprador_premium_ocasional,segmento,67,0,124670,1,45,143,0.3146853146853147,4,0.7555555555555555,725,5.0,0.19720279720279715,1,0
200000110,0.0032187449,0,1,cazador_ofertas,precio_prom_marca_3,25,1,124359,1,12,118,0.1016949152542373,1,0.75,729,7.0,0.1559322033898305,0,0
200000111,0.99803823,1,3,comprador_premium_ocasional,segmento,39,0,140182,1,40,107,0.3738317757009345,2,0.775,723,7.0,0.18504672897196253,1,0
200000112,0.9857649,1,2,comprador_leal,segmento,55,1,165717,2,67,100,0.67,5,0.582089552238806,727,7.0,0.192,1,0
200000113,0.99593157,1,3,comprador_premium_ocasional,frecuencia,75,0,213333,2,26,72,0.3611111111111111,5,0.8461538461538461,725,9.0,0.13888888888888887,0,0
200000114,0.9417882,1,0,visitante_pasivo,exposicion_promo_1,32,0,120354,1,25,115,0.217391304347826,2,0.84,727,7.0,0.1843478260869565,1,0
200000115,0.99251103,1,3,comprador_premium_ocasional,segmento,38,0,169324,2,32,125,0.256,4,0.875,726,6.0,0.176,1,0
200000116,0.9942257,1,1,cazador_ofertas,exposicion_promo_1,18,1,100924,1,36,119,0.3025210084033613,3,0.75,723,6.0,0.18151260504201677,1,0
200000117,0.98591447,1,1,cazador_ofertas,dias_entre_visitas_std,31,1,113108,1,40,110,0.3636363636363636,2,0.775,727,7.0,0.19090909090909086,1,0
200000118,0.992837,1,2,comprador_leal,segmento,40,1,107585,1,43,124,0.3467741935483871,4,0.5348837209302325,725,5.0,0.1725806451612903,0,0
200000119,0.99190825,1,3,comprador_premium_ocasional,segmento,59,0,120160,1,23,104,0.2211538461538461,4,0.8260869565217391,730,7.0,0.14807692307692302,0,0
200000120,0.99936205,1,2,comprador_leal,segmento,59,1,162591,1,106,168,0.6309523809523809,4,0.5471698113207547,730,4.0,0.16785714285714284,0,0
200000121,0.93888766,1,0,visitante_pasivo,frecuencia,37,1,95972,0,30,84,0.3571428571428571,2,0.8666666666666667,728,7.0,0.14047619047619048,0,0
200000122,0.003305624,0,1,cazador_ofertas,exposicion_promo_1,34,0,149782,1,16,123,0.1300813008130081,4,0.9375,721,6.0,0.19186991869918696,1,0
200000123,0.024432266,0,3,comprador_premium_ocasional,segmento,57,0,281923,2,21,135,0.1555555555555555,4,0.8571428571428571,723,4.0,0.15407407407407403,0,0
200000124,0.9890814,1,3,comprador_premium_ocasional,segmento,67,1,171052,2,30,111,0.2702702702702703,5,0.6333333333333333,730,7.0,0.15855855855855852,0,0
200000125,0.96514624,1,0,visitante_pasivo,exposicion_promo_5,31,0,98102,1,31,122,0.2540983606557377,2,0.7741935483870968,722,6.0,0.17704918032786882,1,0
200000126,0.015785554,0,1,cazador_ofertas,frecuencia,20,0,88559,1,15,85,0.1764705882352941,5,0.6666666666666666,727,7.0,0.18588235294117647,1,0
200000127,0.018820262,0,1,cazador_ofertas,exposicion_promo_5,27,1,38247,0,17,114,0.1491228070175438,2,0.9411764705882352,720,7.0,0.13333333333333328,0,0
200000128,0.004575597,0,1,cazador_ofertas,precio_prom_marca_4,37,1,82500,0,22,121,0.1818181818181818,1,0.8181818181818182,728,6.5,0.14049586776859502,0,0
200000129,0.9979122,1,2,comprador_leal,segmento,31,0,117813,1,65,147,0.4421768707482993,2,0.6615384615384615,726,5.0,0.1755102040816326,1,0
200000130,0.9992995,1,3,comprador_premium_ocasional,segmento,53,0,121970,0,44,108,0.4074074074074074,2,0.7045454545454546,724,6.0,0.18518518518518517,1,0
200000131,0.9873978,1,1,cazador_ofertas,precio_prom_marca_4,35,0,83687,0,38,143,0.2657342657342657,2,0.7631578947368421,725,5.0,0.17902097902097897,1,0
200000132,0.0031764386,0,1,cazador_ofertas,precio_relativo_favorita,27,0,70926,0,20,124,0.1612903225806451,2,0.8,726,6.0,0.17419354838709675,1,0
200000133,0.0025673404,0,0,visitante_pasivo,frecuencia,25,0,70320,0,14,94,0.1489361702127659,2,0.9285714285714286,729,7.0,0.13829787234042545,0,0
200000134,0.9684515,1,1,cazador_ofertas,precio_relativo_favorita,27,1,122649,1,35,111,0.3153153153153153,3,0.8,712,7.0,0.18018018018018012,1,0
200000135,0.008570052,0,1,cazador_ofertas,precio_prom_marca_4,22,0,139780,1,17,121,0.140495867768595,1,0.7058823529411765,729,5.0,0.16033057851239668,0,0
200000136,0.99648726,1,3,comprador_premium_ocasional,segmento,55,1,126357,1,35,114,0.3070175438596491,4,0.6,727,7.0,0.17192982456140352,0,0
200000137,0.034961365,0,3,comprador_premium_ocasional,segmento,32,1,308491,2,21,125,0.168,4,0.8571428571428571,730,6.0,0.16000000000000003,0,0
200000138,0.019782888,0,0,visitante_pasivo,precio_prom_marca_5,53,0,124902,1,18,107,0.1682242990654205,2,0.8888888888888888,726,7.0,0.1775700934579439,1,0
200000139,0.9958911,1,2,comprador_leal,segmento,56,1,126531,1,88,139,0.6330935251798561,4,0.5568181818181818,722,5.0,0.17697841726618702,1,0
200000140,3.1108324e-05,0,0,visitante_pasivo,exposicion_promo_1,52,0,95639,0,18,116,0.1551724137931034,2,0.8888888888888888,721,7.0,0.18793103448275855,1,0
200000141,0.9793586,1,2,comprador_leal,segmento,66,0,178967,2,68,127,0.5354330708661418,5,0.5147058823529411,728,6.0,0.14488188976377944,0,0
200000142,0.98647773,1,1,cazador_ofertas,precio_prom_marca_5,20,1,115445,1,46,111,0.4144144144144144,1,0.6304347826086957,723,7.0,0.17117117117117114,0,0
200000143,0.0014603309,0,1,cazador_ofertas,precio_prom_marca_5,41,1,128163,1,18,132,0.1363636363636363,1,0.7777777777777778,730,5.0,0.15757575757575754,0,0
200000144,0.031107556,0,3,comprador_premium_ocasional,segmento,64,0,122094,1,18,129,0.1395348837209302,2,0.6666666666666666,728,5.0,0.14883720930232552,0,0
200000145,0.003866093,0,0,visitante_pasivo,precio_prom_marca_3,26,0,122693,1,21,111,0.1891891891891892,2,0.6190476190476191,724,7.0,0.19099099099099098,1,0
200000146,0.0138664255,0,1,cazador_ofertas,exposicion_promo_3,27,0,94947,1,20,118,0.1694915254237288,2,0.95,723,6.0,0.17118644067796607,0,0
200000147,0.9828046,1,1,cazador_ofertas,exposicion_promo_1,25,1,104696,1,41,121,0.3388429752066115,2,0.7560975609756098,725,6.0,0.18016528925619832,1,0
200000148,0.97820455,1,1,cazador_ofertas,precio_prom_marca_4,41,0,120387,1,31,125,0.248,2,0.6451612903225806,729,6.0,0.15680000000000002,0,0
200000149,0.98199224,1,3,comprador_premium_ocasional,precio_prom_marca_4,40,0,167019,1,30,106,0.2830188679245283,2,0.9333333333333332,727,7.0,0.1811320754716981,1,0
200000150,0.019584863,0,1,cazador_ofertas,recencia,18,1,97741,1,18,116,0.1551724137931034,2,0.9444444444444444,722,7.0,0.1862068965517241,1,0
200000151,0.029555302,0,1,cazador_ofertas,dias_entre_visitas_std,32,0,129975,2,11,103,0.1067961165048543,5,0.9090909090909092,729,7.0,0.10873786407766987,0,0
200000152,0.04433783,0,3,comprador_premium_ocasional,segmento,61,0,130788,0,11,82,0.1341463414634146,5,0.9090909090909092,727,7.0,0.1902439024390244,1,0
200000153,0.969002,1,0,visitante_pasivo,exposicion_promo_1,34,1,114767,1,22,94,0.2340425531914893,2,0.9090909090909092,725,7.0,0.19999999999999996,1,0
200000154,0.0025976447,0,1,cazador_ofertas,frecuencia,27,0,77535,0,15,99,0.1515151515151515,2,1.0,729,7.0,0.13535353535353536,0,0
200000155,0.010688719,0,1,cazador_ofertas,precio_prom_marca_2,25,0,71159,0,9,103,0.087378640776699,2,1.0,726,7.0,0.17281553398058247,0,0
200000156,0.050486393,0,1,cazador_ofertas,precio_prom_marca_4,25,0,60868,0,11,96,0.1145833333333333,2,1.0,730,7.0,0.14999999999999997,0,0
200000157,0.99215966,1,1,cazador_ofertas,precio_relativo_favorita,26,1,97551,1,27,102,0.2647058823529412,5,0.6666666666666666,722,7.0,0.192156862745098,1,0
200000158,0.0025963143,0,1,cazador_ofertas,edad,35,0,154585,2,15,109,0.1376146788990825,5,0.8,727,7.0,0.16880733944954124,0,0
200000159,0.03910723,0,0,visitante_pasivo,exposicion_promo_2,39,0,124089,1,11,104,0.1057692307692307,2,1.0,719,7.0,0.17884615384615382,1,0
200000160,0.02077305,0,0,visitante_pasivo,precio_prom_marca_4,26,1,104484,1,14,104,0.1346153846153846,2,0.7857142857142857,726,7.0,0.1538461538461538,0,0
200000161,0.041318804,0,0,visitante_pasivo,precio_prom_marca_5,32,1,98023,1,10,111,0.09009009009009,2,0.8,730,7.0,0.16396396396396393,0,0
200000162,0.022373708,0,1,cazador_ofertas,precio_prom_marca_4,24,1,181003,0,8,103,0.0776699029126213,2,0.875,727,5.0,0.15922330097087373,0,0
200000163,0.034950502,0,1,cazador_ofertas,exposicion_promo_2,31,1,89287,0,16,103,0.1553398058252427,2,0.875,727,7.0,0.17864077669902909,1,0
200000164,0.057432666,0,0,visitante_pasivo,edad,31,1,118594,1,8,102,0.0784313725490196,2,0.75,727,7.0,0.18235294117647058,1,0
200000165,0.0010735645,0,0,visitante_pasivo,dias_entre_visitas_std,46,0,73703,0,11,169,0.0650887573964497,2,0.9090909090909092,726,4.0,0.17988165680473367,1,0
200000166,0.016745795,0,0,visitante_pasivo,exposicion_promo_5,27,1,100618,0,10,103,0.0970873786407767,2,0.9,725,7.0,0.1728155339805825,0,0
200000167,0.029311571,0,3,comprador_premium_ocasional,segmento,45,1,260847,2,8,102,0.0784313725490196,4,0.875,723,7.0,0.16274509803921566,0,0
200000168,0.9885501,1,1,cazador_ofertas,frecuencia,30,0,145800,2,25,88,0.2840909090909091,4,0.84,725,7.0,0.18181818181818174,1,0
200000169,0.012802934,0,1,cazador_ofertas,exposicion_promo_4,30,0,131242,1,8,141,0.0567375886524822,2,1.0,725,5.0,0.18723404255319148,1,0
200000170,0.011341668,0,0,visitante_pasivo,frecuencia,24,1,62335,0,12,92,0.1304347826086956,2,0.9166666666666666,727,7.0,0.19347826086956518,1,0
200000171,0.0074482807,0,1,cazador_ofertas,precio_prom_marca_4,38,0,130951,1,12,112,0.1071428571428571,4,1.0,729,7.0,0.12321428571428568,0,0
200000172,0.0066286363,0,3,comprador_premium_ocasional,segmento,58,0,268340,1,13,103,0.1262135922330097,5,0.8461538461538461,730,7.0,0.12815533980582522,0,0
200000173,0.007699148,0,1,cazador_ofertas,precio_prom_marca_1,42,1,130740,1,9,115,0.0782608695652174,2,1.0,727,6.0,0.17391304347826084,0,0
200000174,0.94589615,1,1,cazador_ofertas,precio_prom_marca_4,27,0,104196,0,24,103,0.233009708737864,2,0.7916666666666666,722,7.0,0.15922330097087373,0,0
200000175,0.021964192,0,0,visitante_pasivo,exposicion_promo_5,26,0,70336,0,9,107,0.0841121495327102,2,0.8888888888888888,725,6.5,0.15140186915887843,0,0
200000176,0.97784936,1,3,comprador_premium_ocasional,segmento,43,0,116512,1,47,101,0.4653465346534653,2,0.6808510638297872,725,7.0,0.1801980198019802,1,0
200000177,0.005013899,0,0,visitante_pasivo,dias_entre_visitas_std,48,1,104833,0,7,110,0.0636363636363636,2,1.0,725,7.0,0.18727272727272723,1,0
200000178,0.031529296,0,1,cazador_ofertas,precio_prom_marca_2,29,0,135605,0,12,159,0.0754716981132075,1,0.6666666666666666,730,4.0,0.1572327044025157,0,0
200000179,0.99906904,1,2,comprador_leal,segmento,34,0,123243,1,53,106,0.5,5,0.6226415094339622,730,6.0,0.16603773584905654,0,0
200000180,0.97748655,1,1,cazador_ofertas,precio_prom_marca_4,34,0,112538,0,29,121,0.2396694214876033,2,0.7586206896551724,727,5.0,0.17024793388429746,0,0
200000181,0.9904074,1,3,comprador_premium_ocasional,segmento,47,0,136138,1,27,130,0.2076923076923077,5,0.8888888888888888,730,6.0,0.14769230769230765,0,0
200000182,0.024909716,0,0,visitante_pasivo,frecuencia,40,1,79076,0,18,92,0.1956521739130435,2,0.8333333333333334,727,7.0,0.1760869565217391,1,0
200000183,0.011388682,0,0,visitante_pasivo,exposicion_promo_1,25,0,146349,1,16,140,0.1142857142857142,2,1.0,727,6.0,0.19142857142857136,1,0
200000184,0.9809987,1,2,comprador_leal,segmento,33,0,88211,0,83,123,0.6747967479674797,5,0.4819277108433735,726,5.0,0.15447154471544716,0,0
200000185,0.98021,1,0,visitante_pasivo,exposicion_promo_2,44,1,76057,0,32,110,0.2909090909090909,2,0.75,723,7.0,0.18727272727272723,1,0
200000186,0.0029252614,0,0,visitante_pasivo,exposicion_promo_2,35,0,121974,1,17,123,0.1382113821138211,2,0.8823529411764706,727,6.0,0.17560975609756097,1,0
200000187,0.9986702,1,2,comprador_leal,segmento,37,0,124597,1,327,358,0.9134078212290504,5,0.0856269113149847,724,1.0,0.16592178770949717,0,1
200000188,0.007073139,0,0,visitante_pasivo,precio_prom_marca_5,30,1,169002,2,14,113,0.1238938053097345,2,0.9285714285714286,729,6.5,0.15044247787610615,0,0
200000189,0.017863732,0,1,cazador_ofertas,exposicion_promo_1,25,1,136055,1,12,112,0.1071428571428571,1,0.9166666666666666,727,7.0,0.18571428571428567,1,0
200000190,0.0030882664,0,1,cazador_ofertas,exposicion_promo_3,42,0,107380,0,20,108,0.1851851851851851,2,1.0,727,7.0,0.18888888888888883,1,0
200000191,0.062987715,0,1,cazador_ofertas,exposicion_promo_1,21,0,103470,1,11,106,0.1037735849056603,2,0.9090909090909092,723,7.0,0.19433962264150942,1,0
200000192,0.97320324,1,1,cazador_ofertas,exposicion_promo_5,32,1,133235,1,24,104,0.2307692307692307,5,0.6666666666666666,725,7.0,0.15961538461538455,0,0
200000193,0.0029428392,0,0,visitante_pasivo,exposicion_promo_3,40,0,72193,0,22,125,0.176,2,0.9090909090909092,727,6.0,0.184,1,0
200000194,0.024145018,0,1,cazador_ofertas,dias_entre_visitas_std,25,1,68051,0,16,97,0.1649484536082474,2,0.75,710,7.0,0.1876288659793814,1,0
200000195,0.0017083593,0,3,comprador_premium_ocasional,segmento,46,0,202997,2,15,136,0.1102941176470588,4,0.9333333333333332,727,5.0,0.17647058823529407,1,0
200000196,0.9844919,1,0,visitante_pasivo,frecuencia,32,0,116348,1,21,94,0.2234042553191489,2,0.9047619047619048,730,7.0,0.15957446808510634,0,0
200000197,1.5509455e-05,0,0,visitante_pasivo,recencia,43,0,140795,1,15,116,0.1293103448275862,2,1.0,722,6.0,0.19137931034482752,1,0
200000198,0.9896752,1,2,comprador_leal,segmento,47,0,88157,0,82,108,0.7592592592592593,2,0.3658536585365853,724,7.0,0.17777777777777773,1,1
200000199,0.006155871,0,0,visitante_pasivo,exposicion_promo_2,61,0,90709,0,7,137,0.0510948905109489,2,1.0,727,4.0,0.18832116788321168,1,0
200000200,0.9684562,1,1,cazador_ofertas,exposicion_promo_2,43,0,119502,1,24,107,0.2242990654205607,5,0.7916666666666666,718,7.0,0.15887850467289713,0,0
200000201,0.0038164693,0,0,visitante_pasivo,precio_relativo_favorita,21,0,101471,2,6,130,0.0461538461538461,5,1.0,723,5.0,0.1538461538461538,0,0
200000202,0.0011912067,0,1,cazador_ofertas,exposicion_promo_2,36,0,115589,1,10,119,0.0840336134453781,2,0.9,723,7.0,0.18319327731092433,1,0
200000203,0.0055271415,0,1,cazador_ofertas,precio_prom_marca_2,44,0,122292,0,17,102,0.1666666666666666,4,0.8823529411764706,713,7.0,0.16470588235294112,0,0
200000204,0.015242916,0,3,comprador_premium_ocasional,segmento,48,0,213768,2,18,139,0.1294964028776978,4,0.8888888888888888,721,5.0,0.18129496402877693,1,0
200000205,0.0049575735,0,0,visitante_pasivo,edad,31,0,93648,1,16,121,0.1322314049586777,5,0.8125,729,6.0,0.16528925619834708,0,0
200000206,0.015479364,0,3,comprador_premium_ocasional,segmento,52,0,131727,1,17,108,0.1574074074074074,5,0.5294117647058824,723,7.0,0.18333333333333326,1,0
200000207,0.9953387,1,1,cazador_ofertas,frecuencia,35,1,93495,0,16,77,0.2077922077922078,3,0.8125,721,7.0,0.16883116883116878,0,0
200000208,0.9999269,1,2,comprador_leal,segmento,33,1,138525,1,65,153,0.4248366013071895,5,0.6,723,5.0,0.18169934640522875,1,0
200000209,0.96755254,1,3,comprador_premium_ocasional,segmento,40,0,201699,2,29,117,0.2478632478632478,5,0.5172413793103449,725,7.0,0.16752136752136745,0,0
200000210,0.9998863,1,2,comprador_leal,segmento,35,0,122895,1,70,169,0.4142011834319526,5,0.5142857142857142,725,4.0,0.16568047337278102,0,0
200000211,0.0021659094,0,1,cazador_ofertas,estado_civil,23,1,70963,0,10,114,0.087719298245614,2,1.0,721,7.0,0.17543859649122806,1,0
200000212,0.9920116,1,3,comprador_premium_ocasional,segmento,52,0,159716,1,31,141,0.2198581560283688,5,0.4516129032258064,723,5.0,0.16028368794326237,0,0
200000213,0.03492038,0,1,cazador_ofertas,precio_prom_marca_1,24,1,115879,1,11,115,0.0956521739130434,2,1.0,727,7.0,0.19652173913043475,1,0
200000214,0.005684247,0,0,visitante_pasivo,exposicion_promo_3,45,0,78253,0,14,97,0.1443298969072164,2,0.9285714285714286,728,7.0,0.17731958762886596,1,0
200000215,0.9802342,1,0,visitante_pasivo,frecuencia,31,0,81987,0,29,84,0.3452380952380952,2,0.7931034482758621,730,7.0,0.15476190476190474,0,0
200000216,0.00085844565,0,0,visitante_pasivo,exposicion_promo_1,28,1,133616,1,19,103,0.1844660194174757,2,0.8947368421052632,721,7.0,0.18834951456310675,1,0
200000217,0.98476464,1,3,comprador_premium_ocasional,segmento,32,0,148566,2,39,95,0.4105263157894737,5,0.5641025641025641,730,7.5,0.1621052631578947,0,0
200000218,0.9605798,1,3,comprador_premium_ocasional,segmento,39,0,244716,2,21,93,0.2258064516129032,5,0.7142857142857143,726,7.0,0.18924731182795698,1,0
200000219,0.013567324,0,3,comprador_premium_ocasional,segmento,48,0,130082,1,23,129,0.1782945736434108,5,0.9130434782608696,729,6.0,0.14263565891472865,0,0
200000220,0.024839459,0,0,visitante_pasivo,exposicion_promo_1,45,0,113414,1,21,109,0.1926605504587156,2,0.9523809523809524,727,7.0,0.18165137614678897,1,0
200000221,0.022838825,0,3,comprador_premium_ocasional,segmento,50,1,124777,1,14,96,0.1458333333333333,5,0.9285714285714286,716,7.0,0.20625,1,0
200000222,0.005569489,0,0,visitante_pasivo,frecuencia,23,0,84747,0,14,97,0.1443298969072164,2,0.9285714285714286,726,7.0,0.1525773195876288,0,0
200000223,0.025787422,0,1,cazador_ofertas,edad,35,0,144848,0,11,113,0.0973451327433628,1,1.0,728,7.0,0.1628318584070796,0,0
200000224,0.00087482395,0,1,cazador_ofertas,precio_prom_marca_1,37,0,160642,1,9,123,0.073170731707317,4,1.0,723,7.0,0.19349593495934955,1,0
200000225,0.037444532,0,1,cazador_ofertas,edad,30,0,154854,2,19,97,0.1958762886597938,5,0.8947368421052632,719,7.0,0.18350515463917522,1,0
200000226,0.9997452,1,2,comprador_leal,segmento,27,0,120674,1,46,92,0.5,5,0.5434782608695652,703,7.0,0.20652173913043476,1,0
200000227,0.001877908,0,1,cazador_ofertas,precio_relativo_favorita,39,0,153223,2,11,116,0.0948275862068965,4,1.0,725,7.0,0.1862068965517241,1,0
200000228,0.048663437,0,3,comprador_premium_ocasional,segmento,64,1,134377,1,7,111,0.063063063063063,5,1.0,723,7.0,0.19099099099099096,1,0
200000229,0.013467623,0,1,cazador_ofertas,frecuencia,37,1,145140,1,12,90,0.1333333333333333,1,1.0,723,7.0,0.15999999999999998,0,0
200000230,0.007496565,0,0,visitante_pasivo,precio_prom_marca_4,25,0,68582,0,18,107,0.1682242990654205,2,0.7777777777777778,730,7.0,0.1420560747663551,0,0
200000231,0.013578828,0,0,visitante_pasivo,edad,31,1,76384,0,28,165,0.1696969696969697,5,0.8214285714285714,725,4.0,0.17696969696969692,1,0
200000232,0.0008862418,0,3,comprador_premium_ocasional,segmento,51,0,124183,0,9,102,0.088235294117647,2,1.0,726,7.0,0.18627450980392152,1,0
200000233,0.009505293,0,1,cazador_ofertas,exposicion_promo_4,27,0,129227,1,10,120,0.0833333333333333,2,0.9,727,6.0,0.17833333333333334,1,0
200000234,0.9856405,1,1,cazador_ofertas,precio_prom_marca_4,28,0,114429,1,27,99,0.2727272727272727,2,0.7037037037037037,722,7.0,0.15757575757575756,0,0
200000235,0.0168613,0,0,visitante_pasivo,precio_prom_marca_5,45,0,109698,0,8,107,0.0747663551401869,2,0.875,720,7.0,0.15887850467289713,0,0
200000236,0.977164,1,3,comprador_premium_ocasional,segmento,31,0,171857,0,43,99,0.4343434343434343,2,0.6976744186046512,722,7.0,0.17777777777777776,1,0
200000237,0.020855218,0,1,cazador_ofertas,dias_entre_visitas_std,36,0,105519,1,6,105,0.0571428571428571,2,1.0,725,7.0,0.18095238095238092,1,0
200000238,0.015271279,0,1,cazador_ofertas,edad,35,1,92194,0,11,164,0.0670731707317073,1,0.6363636363636364,730,4.0,0.15731707317073168,0,0
200000239,0.99463576,1,3,comprador_premium_ocasional,segmento,30,0,235660,2,46,95,0.4842105263157895,5,0.5869565217391305,730,7.0,0.16421052631578945,0,0
200000240,0.9627167,1,1,cazador_ofertas,precio_prom_marca_4,38,1,116816,0,30,121,0.2479338842975206,2,0.8333333333333334,727,5.0,0.16528925619834706,0,0
200000241,0.9762464,1,3,comprador_premium_ocasional,segmento,60,1,128271,1,27,128,0.2109375,5,0.8888888888888888,730,6.0,0.15,0,0
200000242,0.0092532,0,0,visitante_pasivo,precio_prom_marca_4,39,0,68264,0,17,92,0.1847826086956521,2,0.7647058823529411,727,7.0,0.1869565217391304,1,0
200000243,0.007986858,0,0,visitante_pasivo,exposicion_promo_3,35,1,108272,1,14,144,0.0972222222222222,2,1.0,727,5.0,0.20138888888888884,1,0
200000244,0.996058,1,2,comprador_leal,segmento,32,0,100215,1,87,128,0.6796875,5,0.4827586206896552,722,5.0,0.153125,0,0
200000245,0.99879754,1,3,comprador_premium_ocasional,segmento,53,0,160164,2,28,109,0.2568807339449541,2,0.8571428571428571,723,6.5,0.18715596330275225,1,0
200000246,0.012922778,0,0,visitante_pasivo,exposicion_promo_1,37,0,83660,0,17,121,0.140495867768595,2,0.8823529411764706,727,6.0,0.1851239669421487,1,0
200000247,0.9965312,1,2,comprador_leal,segmento,53,0,158193,1,320,347,0.9221902017291066,5,0.06875,726,1.0,0.16714697406340057,0,1
200000248,0.00022710291,0,0,visitante_pasivo,precio_prom_marca_5,32,1,124975,1,15,123,0.1219512195121951,2,0.9333333333333332,729,6.0,0.15121951219512192,0,0
200000249,0.014950189,0,1,cazador_ofertas,exposicion_promo_1,23,1,104094,1,13,112,0.1160714285714285,1,0.9230769230769232,727,7.0,0.19821428571428565,1,0
200000250,0.012611761,0,1,cazador_ofertas,precio_prom_marca_2,35,0,110159,1,20,114,0.175438596491228,2,1.0,727,7.0,0.1807017543859649,1,0
200000251,0.015876206,0,1,cazador_ofertas,exposicion_promo_1,37,1,107539,1,10,108,0.0925925925925925,2,0.9,724,7.0,0.19259259259259254,1,0
200000252,0.98113257,1,1,cazador_ofertas,exposicion_promo_2,32,0,117796,0,26,102,0.2549019607843137,5,0.7307692307692307,726,7.0,0.16274509803921566,0,0
200000253,0.015380391,0,1,cazador_ofertas,exposicion_promo_2,31,0,81394,0,22,122,0.180327868852459,2,0.9090909090909092,727,6.0,0.17377049180327866,0,0
200000254,0.010940732,0,0,visitante_pasivo,frecuencia,27,1,115026,1,14,94,0.1489361702127659,2,0.7857142857142857,724,7.0,0.19361702127659572,1,0
200000255,0.008367605,0,3,comprador_premium_ocasional,segmento,47,1,161714,1,14,124,0.1129032258064516,4,0.9285714285714286,727,5.0,0.17419354838709675,1,0
200000256,0.97357494,1,1,cazador_ofertas,exposicion_promo_2,28,1,101948,1,24,97,0.2474226804123711,2,0.9166666666666666,730,7.0,0.1546391752577319,0,0
200000257,0.002607056,0,1,cazador_ofertas,precio_prom_marca_4,26,1,109250,1,13,120,0.1083333333333333,2,1.0,724,6.0,0.17166666666666666,0,0
200000258,0.99059594,1,2,comprador_leal,segmento,25,0,65207,0,80,102,0.7843137254901961,2,0.3625,721,7.0,0.17254901960784313,0,1
200000259,0.00070528797,0,0,visitante_pasivo,exposicion_promo_4,64,0,125119,0,9,133,0.0676691729323308,2,1.0,727,4.5,0.1819548872180451,1,0
200000260,0.07795901,0,3,comprador_premium_ocasional,segmento,36,0,170118,2,20,101,0.198019801980198,5,0.85,724,7.0,0.16039603960396037,0,0
200000261,0.002719137,0,1,cazador_ofertas,exposicion_promo_2,43,0,133243,1,7,132,0.053030303030303,5,1.0,724,5.0,0.15151515151515152,0,0
200000262,0.007796997,0,1,cazador_ofertas,precio_relativo_favorita,26,1,64860,0,12,131,0.0916030534351145,2,0.9166666666666666,723,6.0,0.1862595419847328,1,0
200000263,0.05201146,0,3,comprador_premium_ocasional,segmento,61,1,113290,0,18,110,0.1636363636363636,4,0.8333333333333334,713,7.0,0.16545454545454538,0,0
200000264,0.00592384,0,0,visitante_pasivo,precio_prom_marca_3,40,0,121448,1,19,142,0.1338028169014084,4,0.8421052631578947,726,5.0,0.1774647887323943,1,0
200000265,0.04539235,0,3,comprador_premium_ocasional,segmento,40,0,175223,2,17,127,0.1338582677165354,5,0.8823529411764706,729,6.0,0.15275590551181098,0,0
200000266,0.046685122,0,3,comprador_premium_ocasional,segmento,33,0,151339,2,17,111,0.1531531531531531,5,0.5294117647058824,723,7.0,0.18378378378378374,1,0
200000267,0.9975171,1,1,cazador_ofertas,frecuencia,35,0,143552,2,16,74,0.2162162162162162,3,0.75,726,8.0,0.16756756756756755,0,0
200000268,0.9999187,1,2,comprador_leal,segmento,30,0,99066,1,68,153,0.4444444444444444,5,0.5735294117647058,726,5.0,0.18039215686274507,1,0
200000269,0.98669344,1,3,comprador_premium_ocasional,segmento,49,0,154778,1,29,114,0.2543859649122807,5,0.4827586206896552,725,7.0,0.17719298245614032,1,0
200000270,0.9963528,1,2,comprador_leal,segmento,52,0,159216,1,71,172,0.4127906976744186,5,0.4788732394366197,726,3.0,0.17558139534883715,1,0
200000271,0.022032253,0,1,cazador_ofertas,precio_prom_marca_5,33,1,69523,0,12,117,0.1025641025641025,2,1.0,721,7.0,0.17094017094017092,0,0
200000272,0.98548144,1,3,comprador_premium_ocasional,segmento,52,0,151947,2,29,141,0.2056737588652482,5,0.4482758620689655,723,5.0,0.1588652482269503,0,0
200000273,0.03405065,0,1,cazador_ofertas,exposicion_promo_2,37,1,127206,1,12,116,0.1034482758620689,2,0.9166666666666666,727,7.0,0.19827586206896547,1,0
200000274,0.01312526,0,1,cazador_ofertas,exposicion_promo_3,43,0,131133,1,15,104,0.1442307692307692,2,0.9333333333333332,728,7.0,0.175,1,0
200000275,0.96126336,1,1,cazador_ofertas,frecuencia,27,1,123279,1,26,78,0.3333333333333333,2,0.8076923076923077,730,7.0,0.15128205128205124,0,0
200000276,0.000282037,0,0,visitante_pasivo,exposicion_promo_4,41,0,69062,0,19,97,0.1958762886597938,2,0.8421052631578947,721,7.0,0.19999999999999993,1,0
200000277,0.9523331,1,1,cazador_ofertas,frecuencia,24,0,129177,1,36,92,0.391304347826087,5,0.6111111111111112,730,8.0,0.15869565217391302,0,0
200000278,0.9670333,1,1,cazador_ofertas,precio_relativo_favorita,34,0,151803,1,25,104,0.2403846153846154,5,0.76,721,7.0,0.1942307692307692,1,0
200000279,0.0017178367,0,3,comprador_premium_ocasional,segmento,47,0,130344,1,20,122,0.1639344262295081,5,0.95,729,6.0,0.13934426229508196,0,0
200000280,0.96980685,1,0,visitante_pasivo,exposicion_promo_1,34,0,85685,0,23,112,0.2053571428571428,2,0.9565217391304348,727,7.0,0.17321428571428565,0,0
200000281,0.027820973,0,3,comprador_premium_ocasional,segmento,55,0,172909,1,14,98,0.1428571428571428,5,0.9285714285714286,716,7.0,0.19591836734693877,1,0
200000282,6.557504e-05,0,0,visitante_pasivo,frecuencia,36,0,149237,1,11,88,0.125,2,0.8181818181818182,720,7.0,0.15681818181818177,0,0
200000283,0.016149137,0,1,cazador_ofertas,precio_prom_marca_4,28,1,124566,1,12,112,0.1071428571428571,1,0.9166666666666666,728,7.0,0.15178571428571425,0,0
200000284,0.061999545,0,3,comprador_premium_ocasional,segmento,73,0,214732,2,11,121,0.0909090909090909,4,1.0,725,7.0,0.17685950413223134,1,0
200000285,0.041029796,0,1,cazador_ofertas,exposicion_promo_2,27,0,106955,1,17,97,0.1752577319587628,5,0.8235294117647058,719,7.0,0.17938144329896902,1,0
200000286,0.9913668,1,2,comprador_leal,segmento,38,0,106552,1,46,93,0.4946236559139785,5,0.5217391304347826,703,7.0,0.21075268817204296,1,0
200000287,0.018347029,0,0,visitante_pasivo,precio_prom_marca_2,49,0,124658,1,13,123,0.1056910569105691,4,1.0,726,6.5,0.18048780487804877,1,0
200000288,0.012077778,0,0,visitante_pasivo,exposicion_promo_3,30,0,169405,1,8,112,0.0714285714285714,5,1.0,724,7.0,0.1928571428571428,1,0
200000289,0.0005708585,0,1,cazador_ofertas,exposicion_promo_2,36,0,149040,2,14,98,0.1428571428571428,1,1.0,723,7.0,0.1632653061224489,0,0
200000290,6.325838e-05,0,0,visitante_pasivo,exposicion_promo_2,51,1,101074,0,18,102,0.1764705882352941,2,0.8333333333333334,730,7.0,0.14901960784313723,0,0
200000291,0.008220171,0,0,visitante_pasivo,exposicion_promo_2,36,0,102180,1,21,162,0.1296296296296296,5,0.9047619047619048,725,4.0,0.174074074074074,0,0
200000292,0.00915099,0,1,cazador_ofertas,exposicion_promo_2,33,0,87232,0,9,108,0.0833333333333333,2,1.0,725,7.0,0.1777777777777777,1,0
200000293,0.034473233,0,3,comprador_premium_ocasional,segmento,57,0,82277,0,14,103,0.1359223300970873,2,0.8571428571428571,728,7.0,0.1398058252427184,0,0
200000294,0.9936892,1,3,comprador_premium_ocasional,segmento,43,1,147259,1,37,114,0.3245614035087719,4,0.7027027027027027,710,7.0,0.19298245614035087,1,0
200000295,0.97480696,1,1,cazador_ofertas,precio_prom_marca_4,29,0,89170,0,35,98,0.3571428571428571,2,0.8,727,7.0,0.17959183673469384,1,0
200000296,0.9898197,1,3,comprador_premium_ocasional,segmento,71,1,211572,2,29,101,0.2871287128712871,2,0.8275862068965517,723,7.0,0.1782178217821782,1,0
200000297,0.98673916,1,2,comprador_leal,segmento,38,0,123003,1,126,179,0.7039106145251397,5,0.2777777777777778,729,3.0,0.15865921787709492,0,1
200000298,0.0027679603,0,0,visitante_pasivo,precio_prom_marca_5,32,0,128310,1,17,128,0.1328125,2,0.8235294117647058,729,5.0,0.1640625,0,0
200000299,0.011555998,0,3,comprador_premium_ocasional,segmento,47,1,123525,0,22,119,0.1848739495798319,2,0.9090909090909092,726,6.0,0.18319327731092433,1,0
200000300,0.9886692,1,1,cazador_ofertas,exposicion_promo_1,41,1,97006,0,33,92,0.358695652173913,3,0.7575757575757576,725,7.0,0.17826086956521736,1,0
200000301,0.9554912,1,1,cazador_ofertas,dias_entre_visitas_std,26,1,82940,0,26,128,0.203125,3,0.8461538461538461,729,5.0,0.1609375,0,0
200000302,0.98816,1,3,comprador_premium_ocasional,frecuencia,51,1,127825,1,17,80,0.2125,4,0.8235294117647058,728,8.0,0.14250000000000002,0,0
200000303,0.9806425,1,1,cazador_ofertas,dias_entre_visitas_std,31,1,80189,0,36,172,0.2093023255813953,3,0.8611111111111112,729,3.0,0.15348837209302324,0,0
200000304,0.018184634,0,1,cazador_ofertas,exposicion_promo_3,46,1,113399,0,24,127,0.1889763779527559,1,0.875,730,6.0,0.16850393700787394,0,0
200000305,0.010119357,0,1,cazador_ofertas,exposicion_promo_3,27,1,68834,0,17,144,0.1180555555555555,1,1.0,726,4.0,0.175,1,0
200000306,0.021164704,0,0,visitante_pasivo,exposicion_promo_2,35,1,116176,0,17,108,0.1574074074074074,2,0.8823529411764706,727,7.0,0.17777777777777773,1,0
200000307,0.97586626,1,0,visitante_pasivo,exposicion_promo_2,34,0,145896,2,34,124,0.2741935483870967,5,0.8235294117647058,727,5.0,0.1725806451612903,0,0
200000308,0.98819345,1,3,comprador_premium_ocasional,segmento,45,0,200298,1,51,122,0.4180327868852459,5,0.6666666666666666,725,6.0,0.1688524590163934,0,0
200000309,0.00024218317,0,0,visitante_pasivo,recencia,46,1,136735,0,8,116,0.0689655172413793,1,0.875,722,7.0,0.2051724137931034,1,0
200000310,0.013346932,0,3,comprador_premium_ocasional,segmento,74,0,89502,0,15,94,0.1595744680851064,4,0.9333333333333332,727,7.0,0.1808510638297872,1,0
200000311,5.2086205e-05,0,1,cazador_ofertas,exposicion_promo_3,27,1,64472,0,18,128,0.140625,2,0.9444444444444444,730,5.0,0.1625,0,0
200000312,0.95642513,1,1,cazador_ofertas,exposicion_promo_1,35,0,86492,0,37,103,0.3592233009708738,2,0.6756756756756757,726,7.0,0.19805825242718442,1,0
200000313,0.99341583,1,3,comprador_premium_ocasional,segmento,60,1,309364,2,25,105,0.238095238095238,4,0.96,708,7.0,0.18476190476190474,1,0
200000314,0.999393,1,2,comprador_leal,segmento,51,1,157595,2,74,137,0.5401459854014599,4,0.6081081081081081,727,5.0,0.16934306569343063,0,0
200000315,0.96712244,1,3,comprador_premium_ocasional,segmento,57,0,144197,1,38,139,0.2733812949640288,4,0.8157894736842105,723,6.0,0.18992805755395684,1,0
200000316,0.0075263293,0,1,cazador_ofertas,edad,31,1,110610,1,12,120,0.1,1,0.75,729,7.0,0.15333333333333332,0,0
200000317,0.9836165,1,1,cazador_ofertas,dias_entre_visitas_std,40,0,68475,0,41,114,0.3596491228070175,2,0.7804878048780488,725,7.0,0.17719298245614032,1,0
200000318,0.99185693,1,2,comprador_leal,segmento,29,0,222360,2,64,98,0.6530612244897959,5,0.625,727,7.0,0.18571428571428567,1,0
200000319,0.9982786,1,3,comprador_premium_ocasional,frecuencia,63,0,273063,2,31,77,0.4025974025974026,5,0.7741935483870968,724,8.0,0.1532467532467532,0,0
200000320,0.9768733,1,1,cazador_ofertas,exposicion_promo_1,31,1,120030,1,22,106,0.2075471698113207,2,0.8636363636363636,727,7.0,0.17924528301886788,1,0
200000321,0.9980642,1,3,comprador_premium_ocasional,segmento,46,1,143489,1,29,113,0.2566371681415929,4,0.8620689655172413,722,7.0,0.1734513274336283,0,0
200000322,0.9985557,1,1,cazador_ofertas,precio_prom_marca_1,31,1,119673,1,41,127,0.3228346456692913,3,0.7560975609756098,724,5.0,0.18267716535433065,1,0
200000323,0.9791782,1,1,cazador_ofertas,dias_entre_visitas_std,23,1,112728,1,37,111,0.3333333333333333,2,0.8918918918918919,727,7.0,0.18738738738738733,1,0
200000324,0.9967429,1,3,comprador_premium_ocasional,segmento,58,0,267872,1,42,122,0.3442622950819672,4,0.5476190476190477,722,5.0,0.1852459016393442,1,0
200000325,0.98168564,1,3,comprador_premium_ocasional,segmento,67,0,135567,1,23,101,0.2277227722772277,4,0.8260869565217391,730,7.0,0.15445544554455445,0,0
200000326,0.9981527,1,2,comprador_leal,segmento,63,0,129798,1,112,167,0.6706586826347305,4,0.5446428571428571,730,4.0,0.17005988023952093,0,0
200000327,0.99116826,1,0,visitante_pasivo,frecuencia,40,1,82673,0,31,81,0.382716049382716,2,0.7419354838709677,728,7.0,0.1481481481481481,0,0
200000328,0.012820883,0,1,cazador_ofertas,edad,33,0,166712,1,15,126,0.119047619047619,4,0.9333333333333332,726,6.0,0.19206349206349202,1,0
200000329,0.0073691173,0,1,cazador_ofertas,precio_prom_marca_5,35,0,134112,1,22,136,0.1617647058823529,4,0.8636363636363636,723,5.0,0.15735294117647058,0,0
200000330,0.9883038,1,3,comprador_premium_ocasional,segmento,42,0,198029,2,34,112,0.3035714285714285,5,0.6470588235294118,730,7.0,0.1553571428571428,0,0
200000331,0.98938024,1,1,cazador_ofertas,exposicion_promo_5,29,0,103439,1,33,124,0.2661290322580645,2,0.696969696969697,722,6.0,0.1758064516129032,1,0
200000332,0.024652258,0,1,cazador_ofertas,frecuencia,27,0,123191,1,16,86,0.1860465116279069,5,0.625,727,7.0,0.19069767441860463,1,0
200000333,0.0068102176,0,0,visitante_pasivo,exposicion_promo_5,28,1,116763,1,19,119,0.1596638655462184,2,1.0,720,7.0,0.13949579831932768,0,0
200000334,0.014350115,0,1,cazador_ofertas,exposicion_promo_5,21,0,65827,0,22,120,0.1833333333333333,1,0.8636363636363636,728,7.0,0.15,0,0
200000335,0.98229504,1,1,cazador_ofertas,precio_prom_marca_4,26,0,105252,0,64,146,0.4383561643835616,2,0.6875,726,4.0,0.17945205479452056,1,0
200000336,0.9770972,1,1,cazador_ofertas,exposicion_promo_1,38,1,109311,1,43,110,0.3909090909090909,2,0.7209302325581395,726,6.0,0.19090909090909086,1,0
200000337,0.9957461,1,3,comprador_premium_ocasional,segmento,65,0,84435,0,38,143,0.2657342657342657,2,0.7368421052631579,725,5.0,0.179020979020979,1,0
200000338,0.024284055,0,0,visitante_pasivo,edad,32,0,80080,0,22,128,0.171875,2,0.7727272727272727,726,6.0,0.16875,0,0
200000339,0.0018493175,0,0,visitante_pasivo,frecuencia,34,1,120863,1,16,94,0.1702127659574468,2,0.75,729,7.0,0.12978723404255313,0,0
200000340,0.97463244,1,1,cazador_ofertas,edad,30,1,121399,0,34,107,0.3177570093457944,3,0.7941176470588235,712,7.0,0.19065420560747656,1,0
200000341,0.0003327657,0,0,visitante_pasivo,exposicion_promo_3,40,0,71302,0,16,102,0.1568627450980392,2,0.875,728,7.0,0.14705882352941171,0,0
200000342,0.98077065,1,3,comprador_premium_ocasional,segmento,63,0,138327,1,42,111,0.3783783783783784,4,0.6190476190476191,725,7.0,0.17837837837837836,1,0
200000343,0.9551694,1,1,cazador_ofertas,precio_prom_marca_4,23,1,64952,0,31,93,0.3333333333333333,2,0.7419354838709677,727,7.0,0.17204301075268816,0,0
200000344,0.9884362,1,3,comprador_premium_ocasional,segmento,48,1,107757,0,28,106,0.2641509433962264,2,0.8571428571428571,725,7.0,0.1773584905660377,1,0
200000345,0.9965054,1,2,comprador_leal,segmento,36,0,95438,1,137,178,0.7696629213483146,5,0.2335766423357664,729,4.0,0.16516853932584266,0,1
200000346,0.008489337,0,0,visitante_pasivo,precio_prom_marca_1,40,0,93183,0,16,121,0.1322314049586777,2,0.875,729,5.0,0.1669421487603306,0,0
200000347,0.02110248,0,1,cazador_ofertas,precio_prom_marca_4,39,0,130500,0,21,121,0.1735537190082644,2,0.9047619047619048,725,6.0,0.18347107438016524,1,0
200000348,0.9944299,1,1,cazador_ofertas,exposicion_promo_2,25,1,97376,0,33,94,0.351063829787234,3,0.7878787878787878,723,7.0,0.18085106382978722,1,0
200000349,0.03006219,0,1,cazador_ofertas,precio_relativo_favorita,35,1,107408,1,20,117,0.1709401709401709,3,0.95,729,5.0,0.14529914529914528,0,0
200000350,0.9922078,1,3,comprador_premium_ocasional,segmento,62,1,140178,0,18,86,0.2093023255813953,4,0.8888888888888888,728,7.0,0.15348837209302318,0,0
200000351,0.9886524,1,1,cazador_ofertas,dias_entre_visitas_std,32,1,121428,1,39,173,0.2254335260115607,3,0.8205128205128205,729,3.0,0.15606936416184966,0,0
200000352,0.0039711585,0,1,cazador_ofertas,exposicion_promo_3,35,1,125105,0,24,127,0.1889763779527559,1,0.875,730,6.0,0.16692913385826763,0,0
200000353,0.006244206,0,1,cazador_ofertas,exposicion_promo_3,37,1,95071,0,17,147,0.1156462585034013,1,1.0,724,4.0,0.17687074829931965,1,0
200000354,0.016397955,0,0,visitante_pasivo,precio_prom_marca_5,27,1,97192,1,16,110,0.1454545454545454,2,0.875,727,6.0,0.1654545454545454,0,0
200000355,0.98211724,1,3,comprador_premium_ocasional,segmento,63,0,138644,1,32,117,0.2735042735042735,5,0.875,727,6.0,0.17606837606837603,1,0
200000356,0.99620384,1,3,comprador_premium_ocasional,segmento,52,1,113619,1,46,112,0.4107142857142857,5,0.5869565217391305,725,7.0,0.17678571428571424,1,0
200000357,1.6489415e-05,0,0,visitante_pasivo,edad,28,1,57480,0,10,118,0.0847457627118644,2,0.8,725,7.0,0.20677966101694914,1,0
200000358,0.0037846016,0,1,cazador_ofertas,precio_prom_marca_4,40,0,77481,0,20,104,0.1923076923076923,4,0.8,727,7.0,0.17115384615384613,0,0
200000359,0.0005060864,0,1,cazador_ofertas,exposicion_promo_2,24,1,109693,1,23,135,0.1703703703703703,2,0.9565217391304348,730,5.0,0.157037037037037,0,0
200000360,0.98284966,1,1,cazador_ofertas,exposicion_promo_2,40,0,99723,0,39,110,0.3545454545454545,2,0.6923076923076923,715,7.0,0.18727272727272723,1,0
200000361,0.9801763,1,1,cazador_ofertas,exposicion_promo_3,33,0,155870,2,25,104,0.2403846153846154,4,0.96,708,7.0,0.19615384615384612,1,0
200000362,0.9974929,1,2,comprador_leal,segmento,45,0,171565,1,72,138,0.5217391304347826,4,0.6527777777777778,727,5.0,0.1840579710144927,1,0
200000363,0.99625,1,3,comprador_premium_ocasional,segmento,45,1,134350,1,40,140,0.2857142857142857,4,0.775,724,6.0,0.19571428571428567,1,0
200000364,0.0012268102,0,1,cazador_ofertas,edad,31,0,109892,1,14,119,0.1176470588235294,1,0.7142857142857143,729,7.0,0.14453781512605035,0,0
200000365,0.99731535,1,3,comprador_premium_ocasional,dias_entre_visitas_std,44,1,122180,1,39,114,0.3421052631578947,2,0.7948717948717948,723,7.0,0.18070175438596486,1,0
200000366,0.9963857,1,2,comprador_leal,segmento,65,0,136812,1,66,104,0.6346153846153846,5,0.5909090909090909,727,7.0,0.1884615384615384,1,0
200000367,0.99307525,1,1,cazador_ofertas,frecuencia,32,0,129630,1,27,74,0.3648648648648648,5,0.8888888888888888,725,9.0,0.15135135135135133,0,0
200000368,0.03976815,0,1,cazador_ofertas,exposicion_promo_2,25,1,115833,1,21,110,0.1909090909090909,2,0.8571428571428571,727,7.0,0.17636363636363633,1,0
200000369,0.9984403,1,3,comprador_premium_ocasional,segmento,61,0,166410,2,30,111,0.2702702702702703,4,0.8,722,7.0,0.17837837837837833,1,0
200000370,0.9774596,1,1,cazador_ofertas,dias_entre_visitas_std,28,1,88858,0,34,113,0.3008849557522124,3,0.7647058823529411,723,6.0,0.19292035398230087,1,0
200000371,0.99023014,1,3,comprador_premium_ocasional,segmento,49,0,122186,0,36,112,0.3214285714285714,2,0.8611111111111112,727,7.0,0.18035714285714283,1,0
200000372,0.99964714,1,2,comprador_leal,segmento,38,1,135534,1,46,122,0.3770491803278688,4,0.5652173913043478,722,5.0,0.1704918032786885,0,0
200000373,0.9942092,1,3,comprador_premium_ocasional,segmento,64,0,117842,0,25,99,0.2525252525252525,4,0.72,730,7.0,0.14545454545454545,0,0
200000374,0.9885316,1,2,comprador_leal,segmento,68,0,148675,0,106,157,0.6751592356687898,4,0.5188679245283019,730,4.0,0.1707006369426751,0,0
200000375,0.99638677,1,0,visitante_pasivo,exposicion_promo_5,31,0,89335,0,31,94,0.3297872340425531,2,0.8709677419354839,728,7.0,0.15744680851063822,0,0
200000376,0.0038372253,0,3,comprador_premium_ocasional,segmento,65,1,69487,0,15,123,0.1219512195121951,4,0.8666666666666667,725,6.0,0.19024390243902436,1,0
200000377,0.9709425,1,3,comprador_premium_ocasional,segmento,43,0,279593,2,29,145,0.2,4,0.8620689655172413,725,4.0,0.14620689655172409,0,0
200000378,0.9854322,1,3,comprador_premium_ocasional,segmento,51,0,155486,1,35,124,0.282258064516129,5,0.6285714285714286,730,6.0,0.14838709677419354,0,0
200000379,0.9944576,1,3,comprador_premium_ocasional,segmento,45,0,135043,1,34,124,0.2741935483870967,2,0.7941176470588235,722,6.0,0.1725806451612903,0,0
200000380,0.023427382,0,3,comprador_premium_ocasional,segmento,45,0,128052,1,16,91,0.1758241758241758,5,0.5,727,7.0,0.1999999999999999,1,0
200000381,0.0017294276,0,0,visitante_pasivo,exposicion_promo_5,49,1,92281,0,18,114,0.1578947368421052,2,0.9444444444444444,720,7.0,0.14912280701754382,0,0
200000382,0.0002191838,0,1,cazador_ofertas,exposicion_promo_5,27,0,131751,0,20,121,0.1652892561983471,1,0.85,728,7.0,0.13884297520661154,0,0
200000383,0.97654665,1,1,cazador_ofertas,exposicion_promo_1,37,0,115426,0,60,141,0.425531914893617,2,0.7166666666666667,725,5.0,0.175886524822695,1,0
200000384,0.99339205,1,1,cazador_ofertas,exposicion_promo_1,36,1,75297,0,38,102,0.3725490196078431,2,0.7368421052631579,722,6.0,0.188235294117647,1,0
200000385,0.98977995,1,1,cazador_ofertas,precio_prom_marca_4,33,0,112093,1,40,144,0.2777777777777778,2,0.725,726,5.0,0.18055555555555552,1,0
200000386,0.0011587025,0,0,visitante_pasivo,precio_prom_marca_5,33,0,117308,1,21,123,0.1707317073170731,2,0.7619047619047619,725,6.0,0.17886178861788615,1,0
200000387,0.00015825579,0,0,visitante_pasivo,frecuencia,49,0,143886,0,14,100,0.14,2,0.9285714285714286,729,7.0,0.132,0,0
200000388,0.9876988,1,1,cazador_ofertas,precio_prom_marca_1,25,1,87537,0,39,107,0.3644859813084112,3,0.717948717948718,726,7.0,0.1887850467289719,1,0
200000389,0.017333152,0,1,cazador_ofertas,edad,32,1,130870,1,13,102,0.1274509803921568,2,0.9230769230769232,728,7.0,0.13725490196078427,0,0
200000390,0.9839034,1,3,comprador_premium_ocasional,segmento,51,0,149510,1,40,108,0.3703703703703703,4,0.625,710,7.0,0.18888888888888883,1,0
200000391,0.99102145,1,3,comprador_premium_ocasional,segmento,70,1,167532,1,30,92,0.3260869565217391,2,0.7333333333333333,727,7.0,0.1826086956521739,1,0
200000392,0.9795561,1,3,comprador_premium_ocasional,segmento,47,0,144456,1,24,98,0.2448979591836734,2,0.875,723,7.0,0.18367346938775506,1,0
200000393,0.99899775,1,2,comprador_leal,segmento,30,0,113012,1,129,179,0.7206703910614525,5,0.2790697674418604,729,4.0,0.15977653631284913,0,1
200000394,0.01463124,0,1,cazador_ofertas,precio_prom_marca_5,39,1,89665,0,17,126,0.1349206349206349,2,0.8823529411764706,729,5.0,0.16349206349206344,0,0
200000395,0.015673451,0,1,cazador_ofertas,exposicion_promo_4,26,1,169991,2,22,116,0.1896551724137931,2,0.9090909090909092,722,6.0,0.19482758620689652,1,0
200000396,0.99418974,1,1,cazador_ofertas,frecuencia,24,1,65852,0,31,94,0.3297872340425531,3,0.8064516129032258,723,7.0,0.176595744680851,1,0
200000397,0.008021299,0,1,cazador_ofertas,precio_relativo_favorita,24,1,78762,0,24,126,0.1904761904761904,3,0.9583333333333334,729,5.0,0.1555555555555555,0,0
200000398,0.97744477,1,3,comprador_premium_ocasional,frecuencia,54,0,149410,1,17,79,0.2151898734177215,4,0.8235294117647058,728,9.0,0.15949367088607597,0,0
200000399,0.9848347,1,1,cazador_ofertas,precio_prom_marca_2,34,1,147626,2,40,178,0.2247191011235955,3,0.875,729,3.0,0.16179775280898873,0,0
200000400,0.0020044262,0,1,cazador_ofertas,exposicion_promo_5,39,0,93732,0,23,122,0.1885245901639344,1,0.8260869565217391,730,6.0,0.15737704918032785,0,0
200000401,0.020384664,0,1,cazador_ofertas,exposicion_promo_2,23,1,129112,1,16,145,0.1103448275862069,1,1.0,726,4.0,0.16827586206896547,0,0
200000402,0.0040484658,0,0,visitante_pasivo,exposicion_promo_2,41,0,114475,0,19,111,0.1711711711711711,2,0.8947368421052632,727,7.0,0.18198198198198198,1,0
200000403,0.9931821,1,3,comprador_premium_ocasional,segmento,65,1,135557,1,30,116,0.2586206896551724,5,0.8,727,6.0,0.1758620689655172,1,0
200000404,0.9824563,1,3,comprador_premium_ocasional,segmento,68,0,125903,1,47,112,0.4196428571428571,5,0.6170212765957447,726,7.0,0.18392857142857139,1,0
200000405,7.253414e-05,0,0,visitante_pasivo,precio_prom_marca_1,27,0,73265,0,9,120,0.075,2,1.0,726,7.0,0.20666666666666664,1,0
200000406,0.024011489,0,3,comprador_premium_ocasional,segmento,67,1,128343,0,16,102,0.1568627450980392,4,0.875,727,7.0,0.192156862745098,1,0
200000407,0.0044053756,0,1,cazador_ofertas,edad,31,1,117971,1,21,133,0.1578947368421052,2,0.9523809523809524,730,5.0,0.15488721804511277,0,0
200000408,0.9945629,1,1,cazador_ofertas,exposicion_promo_1,31,0,69571,0,43,112,0.3839285714285714,2,0.6046511627906976,726,7.0,0.1946428571428571,1,0
200000409,0.98629344,1,1,cazador_ofertas,precio_prom_marca_2,36,0,120153,1,23,103,0.2233009708737864,4,0.9565217391304348,708,7.0,0.18834951456310672,1,0
200000410,0.99515486,1,2,comprador_leal,segmento,59,1,184753,1,74,130,0.5692307692307692,4,0.6081081081081081,727,5.0,0.17384615384615382,0,0
200000411,0.9937337,1,3,comprador_premium_ocasional,segmento,57,1,113334,1,40,144,0.2777777777777778,4,0.8,724,6.0,0.1833333333333333,1,0
200000412,0.009755344,0,1,cazador_ofertas,precio_prom_marca_2,26,1,99953,0,12,124,0.0967741935483871,1,0.75,729,7.0,0.14677419354838706,0,0
200000413,0.9759576,1,1,cazador_ofertas,exposicion_promo_1,30,0,154003,0,42,109,0.3853211009174312,2,0.7619047619047619,723,7.0,0.18715596330275228,1,0
200000414,0.9963391,1,2,comprador_leal,segmento,28,0,146463,1,65,99,0.6565656565656566,5,0.6307692307692307,727,7.0,0.19191919191919188,1,0
200000415,0.9995135,1,3,comprador_premium_ocasional,frecuencia,64,0,159378,2,26,74,0.3513513513513513,5,0.8461538461538461,726,9.0,0.14324324324324322,0,0
200000416,0.024308365,0,1,cazador_ofertas,exposicion_promo_2,41,1,78963,0,21,110,0.1909090909090909,2,0.9047619047619048,727,7.0,0.1763636363636363,1,0
200000417,0.99114823,1,3,comprador_premium_ocasional,segmento,44,0,160650,2,28,115,0.2434782608695652,4,0.8928571428571429,724,7.0,0.1704347826086956,0,0
200000418,0.98812705,1,3,comprador_premium_ocasional,segmento,57,0,135830,1,37,120,0.3083333333333333,3,0.8108108108108109,725,6.0,0.19,1,0
200000419,0.95788795,1,1,cazador_ofertas,dias_entre_visitas_std,25,0,66628,0,31,106,0.2924528301886792,2,0.8709677419354839,727,7.0,0.16981132075471697,0,0
200000420,0.99954283,1,2,comprador_leal,segmento,46,0,120499,1,51,126,0.4047619047619047,4,0.5882352941176471,722,5.0,0.1746031746031745,1,0
200000421,0.9962733,1,3,comprador_premium_ocasional,segmento,44,0,146716,1,24,100,0.24,4,0.75,730,7.0,0.15200000000000002,0,0
200000422,0.9975706,1,2,comprador_leal,segmento,54,1,190518,1,111,166,0.6686746987951807,4,0.5495495495495496,730,4.0,0.17108433734939757,0,0
200000423,0.98812044,1,0,visitante_pasivo,frecuencia,40,0,103963,1,33,89,0.3707865168539326,2,0.8787878787878788,728,7.0,0.15056179775280892,0,0
200000424,0.015735228,0,3,comprador_premium_ocasional,segmento,60,0,166298,2,14,122,0.1147540983606557,4,0.9285714285714286,721,6.0,0.18524590163934423,1,0
200000425,0.020716581,0,3,comprador_premium_ocasional,segmento,51,0,133623,1,22,140,0.1571428571428571,4,0.8636363636363636,723,4.0,0.15428571428571428,0,0
200000426,0.9839437,1,1,cazador_ofertas,dias_entre_visitas_std,37,0,124268,1,38,128,0.296875,5,0.6578947368421053,730,6.0,0.1609375,0,0
200000427,0.946819,1,1,cazador_ofertas,exposicion_promo_5,31,0,77265,0,30,132,0.2272727272727272,2,0.7333333333333333,725,5.0,0.16969696969696965,0,0
200000428,0.01097379,0,1,cazador_ofertas,dias_entre_visitas_std,27,0,106623,1,15,95,0.1578947368421052,5,0.7333333333333333,727,7.0,0.18105263157894735,1,0
200000429,0.007037456,0,1,cazador_ofertas,exposicion_promo_5,49,0,78296,0,20,117,0.1709401709401709,2,0.9,720,7.0,0.1384615384615384,0,0
200000430,9.561211e-05,0,1,cazador_ofertas,precio_prom_marca_2,36,0,159646,1,24,125,0.192,1,0.875,728,6.0,0.13440000000000002,0,0
200000431,0.9994355,1,2,comprador_leal,segmento,50,0,114853,1,60,140,0.4285714285714285,2,0.7,723,5.0,0.1814285714285714,1,0
200000432,0.99291974,1,3,comprador_premium_ocasional,segmento,24,1,209856,2,41,104,0.3942307692307692,2,0.7317073170731707,722,6.0,0.18846153846153843,1,0
200000433,0.95553845,1,1,cazador_ofertas,exposicion_promo_5,40,0,78436,0,34,147,0.2312925170068027,2,0.7352941176470589,725,5.0,0.18095238095238092,1,0
200000434,0.06285077,0,3,comprador_premium_ocasional,segmento,51,0,132767,1,22,122,0.180327868852459,2,0.7272727272727273,726,6.0,0.17704918032786882,1,0
200000435,0.00024412316,0,0,visitante_pasivo,frecuencia,38,0,81870,0,16,96,0.1666666666666666,2,0.6875,729,7.0,0.1270833333333333,0,0
200000436,0.98323375,1,1,cazador_ofertas,exposicion_promo_2,33,1,133561,1,37,115,0.3217391304347826,3,0.7837837837837838,726,7.0,0.18260869565217389,1,0
200000437,0.0018235451,0,1,cazador_ofertas,precio_prom_marca_2,26,1,84555,0,17,125,0.136,1,0.7058823529411765,729,5.0,0.15840000000000004,0,0
200000438,0.9987735,1,3,comprador_premium_ocasional,segmento,41,1,127752,1,33,107,0.308411214953271,4,0.6060606060606061,727,7.0,0.17943925233644858,1,0
200000439,0.011248145,0,3,comprador_premium_ocasional,segmento,61,1,97558,0,17,134,0.126865671641791,4,0.9411764705882352,730,5.0,0.14925373134328354,0,0
200000440,0.96922797,1,0,visitante_pasivo,precio_prom_marca_5,26,0,112369,0,23,110,0.209090909090909,2,0.8260869565217391,725,7.0,0.1745454545454545,1,0
200000441,0.99603075,1,2,comprador_leal,segmento,56,1,173378,2,93,148,0.6283783783783784,4,0.5161290322580645,722,4.0,0.1824324324324324,1,0
200000442,0.00041666505,0,0,visitante_pasivo,precio_prom_marca_4,27,1,100560,0,19,122,0.1557377049180328,2,0.9473684210526316,721,6.0,0.1868852459016393,1,0
200000443,0.98621297,1,2,comprador_leal,segmento,65,0,129838,1,69,123,0.5609756097560976,5,0.4927536231884058,728,7.0,0.1317073170731707,0,0
200000444,0.9777616,1,1,cazador_ofertas,precio_prom_marca_4,45,1,85115,0,47,110,0.4272727272727272,1,0.6808510638297872,725,7.0,0.16727272727272724,0,0
200000445,0.00096289255,0,1,cazador_ofertas,ingreso_anual,32,1,114588,1,18,133,0.1353383458646616,1,0.7222222222222222,730,5.0,0.156390977443609,0,0
200000446,0.021354433,0,1,cazador_ofertas,exposicion_promo_5,25,1,104653,1,22,136,0.1617647058823529,2,0.7272727272727273,728,6.0,0.1485294117647058,0,0
200000447,0.000944134,0,0,visitante_pasivo,exposicion_promo_1,28,0,61824,0,19,108,0.1759259259259259,2,0.7894736842105263,726,7.0,0.19814814814814813,1,0
200000448,0.009006581,0,0,visitante_pasivo,exposicion_promo_3,42,1,80116,0,19,114,0.1666666666666666,2,0.9473684210526316,725,7.0,0.17543859649122806,1,0
200000449,0.9676125,1,0,visitante_pasivo,exposicion_promo_5,24,0,70978,0,39,114,0.3421052631578947,2,0.7435897435897436,725,6.0,0.17368421052631577,0,0
200000450,0.98949057,1,1,cazador_ofertas,precio_prom_marca_4,35,0,113468,0,35,125,0.28,2,0.6857142857142857,729,6.0,0.15680000000000002,0,0
200000451,0.9780002,1,1,cazador_ofertas,exposicion_promo_2,42,1,110509,1,36,116,0.3103448275862069,2,0.8888888888888888,727,7.0,0.17241379310344823,0,0
200000452,0.005720651,0,0,visitante_pasivo,exposicion_promo_1,28,0,126060,1,15,120,0.125,2,0.9333333333333332,726,7.0,0.1933333333333333,1,0
200000453,0.0022814395,0,0,visitante_pasivo,edad,33,0,108694,1,19,124,0.1532258064516129,1,0.7368421052631579,729,5.0,0.16290322580645156,0,0
200000454,0.985732,1,3,comprador_premium_ocasional,segmento,61,1,308529,2,34,109,0.3119266055045872,4,0.7058823529411765,727,7.0,0.17247706422018347,0,0
200000455,0.0031060555,0,3,comprador_premium_ocasional,segmento,56,1,132752,1,17,127,0.1338582677165354,4,0.9411764705882352,730,6.0,0.15905511811023618,0,0
200000456,0.019719524,0,0,visitante_pasivo,exposicion_promo_4,33,1,109489,1,18,99,0.1818181818181818,2,0.9444444444444444,725,7.0,0.17979797979797976,1,0
200000457,0.9996854,1,2,comprador_leal,segmento,57,1,194882,2,94,154,0.6103896103896104,4,0.5319148936170213,722,4.0,0.17402597402597397,0,0
200000458,0.0020842517,0,0,visitante_pasivo,exposicion_promo_3,39,0,116137,0,21,130,0.1615384615384615,2,0.8571428571428571,726,6.0,0.18615384615384611,1,0
200000459,0.99321556,1,2,comprador_leal,segmento,36,0,128702,1,73,122,0.5983606557377049,5,0.4657534246575342,728,7.0,0.13770491803278687,0,0
200000460,0.9780853,1,1,cazador_ofertas,precio_prom_marca_4,27,1,91925,1,50,118,0.423728813559322,1,0.62,726,6.0,0.1677966101694915,0,0
200000461,0.008599865,0,1,cazador_ofertas,ingreso_anual,31,0,113757,1,18,136,0.1323529411764706,1,0.7777777777777778,730,5.0,0.14999999999999997,0,0
200000462,0.001293679,0,1,cazador_ofertas,precio_prom_marca_4,36,1,130323,1,22,127,0.1732283464566929,2,0.6363636363636364,728,6.0,0.1480314960629921,0,0
200000463,0.001960939,0,0,visitante_pasivo,frecuencia,23,1,95541,1,16,113,0.1415929203539823,2,0.8125,714,7.0,0.20176991150442475,1,0
200000464,0.001230541,0,1,cazador_ofertas,edad,31,0,145689,1,20,118,0.1694915254237288,2,0.9,725,6.0,0.17288135593220338,0,0
200000465,0.99813193,1,0,visitante_pasivo,exposicion_promo_1,23,0,108540,0,38,113,0.336283185840708,2,0.7631578947368421,722,6.0,0.1823008849557522,1,0
200000466,0.9616055,1,1,cazador_ofertas,exposicion_promo_3,43,0,112878,1,33,126,0.2619047619047619,2,0.6666666666666666,729,6.0,0.14920634920634915,0,0
200000467,0.9723681,1,1,cazador_ofertas,precio_prom_marca_4,34,1,110420,1,33,114,0.2894736842105263,2,0.8787878787878788,727,7.0,0.17368421052631577,0,0
200000468,0.002889945,0,1,cazador_ofertas,precio_prom_marca_2,24,1,150372,1,16,120,0.1333333333333333,2,0.9375,725,6.0,0.17999999999999997,1,0
200000469,0.027145844,0,1,cazador_ofertas,precio_prom_marca_4,33,0,112227,1,20,132,0.1515151515151515,1,0.75,729,5.0,0.16060606060606056,0,0
200000470,0.97778124,1,3,comprador_premium_ocasional,segmento,46,1,192561,2,36,116,0.3103448275862069,4,0.5833333333333334,727,7.0,0.18275862068965515,1,0
200000471,0.007062929,0,3,comprador_premium_ocasional,segmento,48,1,161116,1,25,129,0.1937984496124031,4,0.8,730,6.0,0.1472868217054263,0,0
200000472,0.03830882,0,0,visitante_pasivo,precio_prom_marca_5,29,1,78078,0,19,104,0.1826923076923076,2,0.8421052631578947,726,7.0,0.17499999999999996,1,0
200000473,0.9996346,1,2,comprador_leal,segmento,42,1,199654,1,93,151,0.6158940397350994,4,0.5376344086021505,726,4.0,0.16953642384105955,0,0
200000474,0.005007832,0,1,cazador_ofertas,exposicion_promo_4,27,1,104467,1,18,129,0.1395348837209302,2,0.8888888888888888,725,6.0,0.1844961240310077,1,0
200000475,0.99659806,1,2,comprador_leal,segmento,30,0,143082,1,71,124,0.5725806451612904,5,0.5352112676056338,728,7.0,0.1387096774193548,0,0
200000476,0.9910966,1,1,cazador_ofertas,exposicion_promo_4,35,0,102839,0,46,114,0.4035087719298245,1,0.6521739130434783,726,6.0,0.17543859649122803,1,0
200000477,0.047687363,0,3,comprador_premium_ocasional,segmento,38,0,154339,1,21,131,0.1603053435114503,1,0.7619047619047619,730,5.0,0.1541984732824427,0,0
200000478,0.009062186,0,1,cazador_ofertas,precio_prom_marca_4,32,0,139477,0,20,125,0.16,2,0.65,728,6.0,0.14880000000000002,0,0
200000479,0.00038460194,0,0,visitante_pasivo,precio_prom_marca_3,25,0,64037,0,18,109,0.1651376146788991,2,0.7222222222222222,714,7.0,0.19999999999999996,1,0
200000480,0.027379485,0,1,cazador_ofertas,precio_prom_marca_2,35,0,112979,1,20,126,0.1587301587301587,2,0.9,725,6.0,0.1603174603174603,0,0
200000481,0.98787713,1,0,visitante_pasivo,exposicion_promo_1,23,1,99822,1,39,114,0.3421052631578947,2,0.7692307692307693,722,6.0,0.18596491228070172,1,0
200000482,0.99466056,1,3,comprador_premium_ocasional,segmento,35,1,173124,1,35,130,0.2692307692307692,2,0.6857142857142857,729,6.0,0.15538461538461532,0,0
200000483,0.99558026,1,3,comprador_premium_ocasional,segmento,54,0,125517,1,37,112,0.3303571428571428,2,0.7837837837837838,727,7.0,0.17499999999999993,1,0
200000484,0.08661751,0,3,comprador_premium_ocasional,segmento,66,0,157576,2,15,117,0.1282051282051282,2,0.9333333333333332,726,7.0,0.18461538461538457,1,0
200000485,0.0006622725,0,0,visitante_pasivo,exposicion_promo_2,36,1,81609,0,20,127,0.1574803149606299,1,0.75,729,5.0,0.16850393700787397,0,0
200000486,0.9913851,1,3,comprador_premium_ocasional,segmento,60,0,136671,1,34,110,0.3090909090909091,4,0.5882352941176471,727,7.0,0.17272727272727267,0,0
200000487,0.003305668,0,1,cazador_ofertas,exposicion_promo_2,47,0,110190,0,22,128,0.171875,4,0.8636363636363636,730,6.0,0.1546875,0,0
200000488,0.05248141,0,1,cazador_ofertas,precio_prom_marca_5,29,0,89914,0,18,107,0.1682242990654205,2,0.8888888888888888,725,7.0,0.17196261682242983,0,0
200000489,0.9998989,1,2,comprador_leal,segmento,44,1,193816,2,89,145,0.6137931034482759,4,0.550561797752809,722,5.0,0.1737931034482758,0,0
200000490,1.7030188e-05,0,0,visitante_pasivo,precio_prom_marca_4,24,0,66447,0,17,121,0.140495867768595,2,0.9411764705882352,725,6.0,0.1867768595041322,1,0
200000491,0.97260094,1,2,comprador_leal,segmento,35,0,150237,2,70,119,0.5882352941176471,5,0.4571428571428571,728,7.0,0.12941176470588234,0,0
200000492,0.9828619,1,1,cazador_ofertas,precio_prom_marca_2,25,1,102974,1,45,111,0.4054054054054054,1,0.6666666666666666,726,7.0,0.16936936936936933,0,0
200000493,0.003333434,0,1,cazador_ofertas,precio_prom_marca_2,23,1,152267,2,20,138,0.144927536231884,1,0.65,730,5.0,0.14927536231884056,0,0
200000494,0.008270937,0,1,cazador_ofertas,exposicion_promo_5,38,1,89309,0,23,138,0.1666666666666666,2,0.6956521739130435,728,5.0,0.14637681159420288,0,0
200000495,0.0028989592,0,0,visitante_pasivo,precio_prom_marca_1,40,0,106120,1,19,113,0.168141592920354,2,0.7894736842105263,714,7.0,0.19292035398230087,1,0
200000496,0.0101150265,0,0,visitante_pasivo,exposicion_promo_4,26,1,71021,0,20,120,0.1666666666666666,2,0.95,723,6.0,0.185,1,0
200000497,0.99519664,1,3,comprador_premium_ocasional,segmento,60,0,89374,0,43,120,0.3583333333333333,2,0.6744186046511628,722,6.0,0.17666666666666664,1,0
200000498,0.95824665,1,1,cazador_ofertas,precio_prom_marca_1,29,1,114784,1,39,131,0.2977099236641221,2,0.717948717948718,729,6.0,0.14961832061068697,0,0
200000499,0.96718955,1,0,visitante_pasivo,precio_prom_marca_4,35,1,73266,0,31,106,0.2924528301886792,2,0.9032258064516128,727,7.0,0.1811320754716981,1,0
200000500,0.016142821,0,1,cazador_ofertas,precio_prom_marca_2,42,0,120946,1,15,124,0.1209677419354838,2,0.9333333333333332,726,6.0,0.18709677419354837,1,0
